step,crossentropy,val crossentropy,acc,val acc,precision,val precision,recall,val recall,f1,val f1
1,0.233149993419117,0.2223743903092467,0.44202079566003616,0.8058894230769231,0.11071233621126489,0.0,0.5687160940325497,0.0,0.18004016079695703,0.0
