step,crossentropy,val crossentropy,acc,val acc,precision,val precision,recall,val recall,f1,val f1
1,1.7694403489287034,0.491437821290814,0.7993896925858951,0.8064903846153846,0.7930605786618445,0.8064903846153846,0.7939647377938517,0.8064903846153846,0.7933619650751083,0.8064903846153846
2,0.4936343606891511,0.49279681851084417,0.8051537070524413,0.8055889423076923,0.8051537070524413,0.8055889423076923,0.8051537070524413,0.8055889423076923,0.8051537070524413,0.8055889423076923
3,0.4935821838825133,0.49239613502644575,0.8051537070524413,0.8058894230769231,0.8051537070524413,0.8058894230769231,0.8051537070524413,0.8058894230769231,0.8051537070524413,0.8058894230769231
4,0.4936802954990653,0.4922152329952671,0.8051537070524413,0.8058894230769231,0.8051537070524413,0.8058894230769231,0.8051537070524413,0.8058894230769231,0.8051537070524413,0.8058894230769231
5,0.49393043439383966,0.49127340359756577,0.8049276672694394,0.8064903846153846,0.8049276672694394,0.8064903846153846,0.8049276672694394,0.8064903846153846,0.8049276672694394,0.8064903846153846
