step,crossentropy,val crossentropy
1,0.5862565596860292,0.4908602534291836
2,0.49500518983451897,0.4908433509274171
3,0.4969964288145687,0.49285355052695823
