step,crossentropy,val crossentropy
1,0.6259324844731603,0.5019470696839002
2,0.49773613702411684,0.4933242421740523
3,0.4944953616399197,0.49270548879240567
4,0.49430406857483655,0.49041775764467627
5,0.49488943538188074,0.49236236985486287
