step,crossentropy,val crossentropy
1,0.5911177713356723,0.4914988852464236
2,0.4941631779881591,0.4944559100012367
