step,crossentropy,val crossentropy,acc,val acc,precision,val precision,recall,val recall,f1,val f1
1,0.5521839844144982,0.4914621075328726,0.7996389891696751,0.8064903846153846,0.7986739593346196,0.8064903846153846,0.7999774368231047,0.8064903846153846,0.7991191320094391,0.8064903846153846
2,0.4945790171085282,0.49224585996797454,0.8046028880866426,0.8058894230769231,0.8046028880866426,0.8058894230769231,0.8046028880866426,0.8058894230769231,0.8046028880866426,0.8058894230769231
3,0.4956989950813111,0.4927859262634928,0.8046028880866426,0.8055889423076923,0.8046028880866426,0.8055889423076923,0.8046028880866426,0.8055889423076923,0.8046028880866426,0.8055889423076923
4,0.4941098729034193,0.49451783987192005,0.8046028880866426,0.8061899038461539,0.8046028880866426,0.8061899038461539,0.8046028880866426,0.8061899038461539,0.8046028880866426,0.8061899038461539
5,0.4948006561732034,0.49318734599420655,0.8046028880866426,0.8058894230769231,0.8046028880866426,0.8058894230769231,0.8046028880866426,0.8058894230769231,0.8046028880866426,0.8058894230769231
