step,crossentropy,val crossentropy,acc,val acc,precision,val precision,recall,val recall,f1,val f1
1,0.6418644062071931,0.49377386501202214,0.7634250902527075,0.8055889423076923,0.7583558651406842,0.8055889423076923,0.8161101083032491,0.8055889423076923,0.7784156711092924,0.8055889423076923
2,0.5036702618164276,0.49280277782907855,0.8047157039711191,0.8058894230769231,0.8047157039711191,0.8058894230769231,0.8047157039711191,0.8058894230769231,0.8047157039711191,0.8058894230769231
3,0.49456708695376395,0.49106119028650796,0.8046028880866426,0.8067908653846154,0.8046028880866426,0.8067908653846154,0.8046028880866426,0.8067908653846154,0.8046028880866426,0.8067908653846154
