step,crossentropy,val crossentropy,acc,val acc,precision,val precision,recall,val recall,f1,val f1
1,0.668329032956476,0.49190586905639905,0.780741410488246,0.8061899038461539,0.7791399441619031,0.8061899038461539,0.8118218806509946,0.8061899038461539,0.7881268959553074,0.8061899038461539
2,0.49385660770896544,0.49175807196073806,0.8050406871609403,0.8058894230769231,0.8048744814952071,0.8058894230769231,0.8052667269439421,0.8058894230769231,0.8050646612700243,0.8058894230769231
3,0.49415646536548574,0.4917777954385831,0.8049276672694394,0.8064903846153846,0.8049276672694394,0.8064903846153846,0.8049276672694394,0.8064903846153846,0.8049276672694394,0.8064903846153846
4,0.49430995220301593,0.4921842777671722,0.804871157323689,0.8067908653846154,0.8048749247037049,0.8067908653846154,0.8048146473779385,0.8067908653846154,0.8048438137737364,0.8067908653846154
5,0.4934461735202434,0.495399484410882,0.8054927667269439,0.8049879807692307,0.8054927667269439,0.8049879807692307,0.8054927667269439,0.8049879807692307,0.8054927667269439,0.8049879807692307
